ID,name,createdAt,createdBy,modifiedAt,modifiedBy
21695098,name-21695098,2007-08-03T20:00:00.000Z,createdBy.cx01m@example.org,2021-03-11T20:00:00.000Z,modifiedBy.cx01m@example.net
28407592,name-28407592,2008-08-15T20:00:00.000Z,createdBy.gwvfs@example.org,2015-11-10T20:00:00.000Z,modifiedBy.gwvfs@example.net
28407593,name-28407593,2009-02-01T20:00:00.000Z,createdBy.gwvft@example.com,2010-03-04T20:00:00.000Z,modifiedBy.gwvft@example.org
28407594,name-28407594,2014-04-13T20:00:00.000Z,createdBy.gwvfu@example.com,2005-03-13T20:00:00.000Z,modifiedBy.gwvfu@example.com
28407595,name-28407595,2001-04-08T20:00:00.000Z,createdBy.gwvfv@example.com,2001-05-14T20:00:00.000Z,modifiedBy.gwvfv@example.net
28407596,name-28407596,2009-03-05T20:00:00.000Z,createdBy.gwvfw@example.com,2014-02-01T20:00:00.000Z,modifiedBy.gwvfw@example.com
28407597,name-28407597,2012-03-31T20:00:00.000Z,createdBy.gwvfx@example.net,2021-11-03T20:00:00.000Z,modifiedBy.gwvfx@example.com
28407598,name-28407598,2000-09-10T20:00:00.000Z,createdBy.gwvfy@example.net,2019-12-02T20:00:00.000Z,modifiedBy.gwvfy@example.org
28407599,name-28407599,2013-08-07T20:00:00.000Z,createdBy.gwvfz@example.net,2004-02-05T20:00:00.000Z,modifiedBy.gwvfz@example.com
28407600,name-28407600,2006-11-28T20:00:00.000Z,createdBy.gwvg0@example.com,2007-09-02T20:00:00.000Z,modifiedBy.gwvg0@example.org